{
    "model_name": "XGBoost",
    "training_date": "2025-09-17 12:33:40.896024",
    "best_parameters": {
        "colsample_bytree": 0.8,
        "learning_rate": 0.2,
        "max_depth": 10,
        "n_estimators": 100,
        "subsample": 1.0,
        "random_state": 42,
        "eval_metric": "logloss",
        "use_label_encoder": false
    },
    "performance_metrics": {
        "accuracy": 0.9553789731051344,
        "precision": 0.9627329192546584,
        "recall": 0.9474327628361858,
        "f1_score": 0.9550215650030807,
        "roc_auc": 0.9912564786198073,
        "cv_f1_score": 0.9540141530322338
    },
    "training_time_seconds": 0.2893350124359131,
    "tuning_time_seconds": 5.817026853561401
}